Group,Conversion_Rate,Sample_Size
PSA (Control),0.01785410644448223,23524
Ad (Treatment),0.025546559636683747,564577
